{"cameraMode":{"drawMode":0,"name":"Shaded","section":"Shading Mode"},"sceneLighting":true,"audioPlay":false,"sceneViewState":{"showFog":true,"showMaterialUpdate":true,"showSkybox":true,"showFlares":true,"showImageEffects":true,"showParticleSystems":true},"in2DMode":false,"pivot":{"x":421.7173767089844,"y":246.4255828857422,"z":69.64570617675781},"rotation":{"x":0.3444458544254303,"y":-0.552318274974823,"z":0.26782333850860598,"w":0.7103349566459656},"size":151.83926391601563,"orthographic":false}